id,F1,F2,F3,F4,F5,F6,F7,F8,F9,F10,F11,F12,F13,F14,F15,F16,F17,F18,F19,F20,F21,F22,F23,F24,F25,F26,F27,F28
HOBBIES_2_001_CA_3_validation,0.17572379112243652,0.16198298335075378,0.14641021192073822,0.0832863301038742,0.030880600214004517,0.01688586175441742,-0.01322735846042633,-0.010874174535274506,-0.00963689386844635,0.004715040326118469,0.012368723750114441,-0.007247902452945709,-0.026695892214775085,-0.040265604853630066,0.0020185932517051697,0.018084920942783356,0.03232017159461975,0.04415716975927353,0.0523918941617012,0.05106426775455475,0.044144995510578156,0.04290771484375,0.04600772261619568,0.053047291934490204,0.06215197592973709,0.07375074923038483,0.08250942826271057,0.08260225504636765
HOBBIES_2_002_CA_3_validation,0.10154227912425995,0.06915117055177689,-5.270540714263916e-05,-0.07318203151226044,-0.13123919069766998,-0.14124996960163116,-0.08967752754688263,-0.0401538610458374,0.05221257358789444,0.042875006794929504,0.016679048538208008,-0.04466579854488373,-0.1351512223482132,-0.10267893970012665,-0.05321700870990753,-0.037472501397132874,-0.02758064866065979,-0.01889413595199585,-0.014465466141700745,-0.023075684905052185,-0.03367675840854645,-0.03255327045917511,-0.029031306505203247,-0.03134319186210632,-0.038993075489997864,-0.03992511332035065,-0.041653528809547424,-0.053849801421165466
HOBBIES_2_003_CA_3_validation,1.232610821723938,1.2823799848556519,1.174112319946289,0.8880594819784164,0.7870105654001236,0.584886446595192,0.49619919061660767,0.45129725337028503,0.5678096413612366,0.6795019507408142,0.7969817444682121,0.7400235086679459,0.6847989782691002,0.6357291489839554,0.6305662617087364,0.630480520427227,0.6427255123853683,0.6653397232294083,0.6915397867560387,0.6968425512313843,0.6925597637891769,0.7010279148817062,0.7127012461423874,0.723676860332489,0.7175848484039307,0.723469078540802,0.7218753546476364,0.7014491111040115
HOBBIES_2_004_CA_3_validation,0.07525099441409111,0.0833510309457779,0.11168510466814041,0.12917156517505646,0.08501307293772697,0.0012328103184700012,-0.06997259706258774,-0.16938380151987076,-0.11579903215169907,-0.10986634343862534,-0.09848993271589279,-0.16472654789686203,-0.20944961160421371,-0.12142514437437057,-0.05163431167602539,-0.049998924136161804,-0.042853452265262604,-0.030949652194976807,-0.019779592752456665,0.02429509162902832,0.06125309318304062,0.059477828443050385,0.05099594593048096,0.04962967336177826,0.0868411660194397,0.10660203918814659,0.1321495771408081,0.19358957558870316
HOBBIES_2_005_CA_3_validation,0.16358482837677002,0.14613085985183716,0.12331032752990723,0.10866545885801315,0.08928412199020386,0.011807873845100403,-0.038610994815826416,-0.1192081868648529,-0.15146644413471222,-0.11080898344516754,-0.08214281499385834,-0.060950085520744324,0.008591711521148682,-0.044703409075737,0.014637693762779236,0.018185362219810486,0.014801256358623505,0.00937168300151825,0.003345310688018799,0.004146292805671692,0.005780845880508423,0.0014041438698768616,-0.003957286477088928,-0.006163343787193298,-0.007969014346599579,-0.013847492635250092,-0.02283746749162674,-0.021555781364440918
HOBBIES_2_006_CA_3_validation,0.5933251082897186,0.5462360680103302,0.47989708185195923,0.41081906855106354,0.2575487047433853,0.1224803477525711,0.030917242169380188,0.027490664273500443,0.05553608760237694,0.020903293043375015,0.025875940918922424,0.03912673518061638,0.05184078589081764,0.07274379953742027,0.05783747881650925,0.06340237520635128,0.07574987970292568,0.09433391690254211,0.1150326356291771,0.13437416777014732,0.14860430359840393,0.1594909206032753,0.1627207025885582,0.1620582863688469,0.1508682332932949,0.14053522422909737,0.12895097583532333,0.11696648597717285
HOBBIES_2_007_CA_3_validation,0.8073192313313484,0.8506396561861038,0.8021021336317062,0.4988083988428116,0.19977238588035107,-0.10603607073426247,-0.33467185869812965,-0.3188285194337368,-0.28236180916428566,-0.10412194579839706,0.00040692463517189026,-0.011216763406991959,0.07101892679929733,0.06171625480055809,0.010323286056518555,0.04293941706418991,0.09801029786467552,0.1730998456478119,0.2573717348277569,0.31721312552690506,0.3631862886250019,0.4131159782409668,0.4551875665783882,0.4829411208629608,0.48949969187378883,0.49681561812758446,0.49986233934760094,0.4887104518711567
HOBBIES_2_008_CA_3_validation,0.05728762038052082,0.08864178322255611,0.10155700519680977,0.05360330455005169,0.05129172094166279,0.05624735914170742,0.06412088312208652,0.03402360901236534,0.007704656571149826,0.02667110413312912,-0.015210159122943878,0.0460835974663496,0.10032527893781662,0.038931598886847496,0.08863083645701408,0.11080420017242432,0.13284986838698387,0.1498735025525093,0.16021356359124184,0.15507051721215248,0.14724307134747505,0.14580974355340004,0.14292413368821144,0.1380610316991806,0.13201016932725906,0.1323927752673626,0.1337963305413723,0.1293654777109623
HOBBIES_2_009_CA_3_validation,0.018968816846609116,-0.09554866701364517,-0.1425362080335617,-0.13625474274158478,-0.1436137855052948,-0.12434050440788269,-0.1757103055715561,-0.1453174240887165,-0.21372216939926147,-0.3070042356848717,-0.3366897851228714,-0.3838835209608078,-0.35630156099796295,-0.31682970374822617,-0.3335159942507744,-0.3288106620311737,-0.3195125162601471,-0.315297894179821,-0.31720487773418427,-0.28481076657772064,-0.253959059715271,-0.2515915408730507,-0.24428929388523102,-0.23787224292755127,-0.1897493228316307,-0.18964049220085144,-0.19426200538873672,-0.1719220206141472
HOBBIES_2_010_CA_3_validation,0.17975299805402756,0.15678157657384872,0.12170480936765671,0.035249403677880764,-0.016963457688689232,-0.018964821472764015,-0.031611738726496696,-0.03580690361559391,0.0010178592056035995,0.10625847056508064,0.1508948877453804,0.17669013887643814,0.183656707406044,0.1414770372211933,0.16475006192922592,0.16454297304153442,0.16171413660049438,0.154741320759058,0.1413291022181511,0.1118014007806778,0.084524966776371,0.07095827534794807,0.06462423875927925,0.06777416914701462,0.0657220222055912,0.07918195612728596,0.08930403180420399,0.08580044098198414
HOBBIES_2_011_CA_3_validation,0.28831493854522705,0.22082683444023132,0.16601651906967163,0.03091290593147278,0.02485179901123047,0.026418745517730713,0.06127101182937622,0.06832793354988098,0.043027907609939575,0.07101830840110779,0.03744161128997803,-0.049400120973587036,-0.08898007869720459,-0.1552352011203766,-0.006263107061386108,0.05125987529754639,0.10260063409805298,0.1355273723602295,0.14588700234889984,0.12352687120437622,0.0991758406162262,0.09568627178668976,0.09715083241462708,0.08837467432022095,0.07893252372741699,0.07552224397659302,0.06715121865272522,0.047889649868011475
HOBBIES_2_012_CA_3_validation,0.1370435655117035,0.0979820191860199,0.044369105249643326,0.031356461346149445,0.09291155636310577,0.1344555765390396,0.17691196501255035,0.24072426557540894,0.23587822914123535,0.23964744806289673,0.22295241057872772,0.242050439119339,0.23087677359580994,0.23154611885547638,0.21919579803943634,0.23980499804019928,0.25234904885292053,0.2580406665802002,0.256919264793396,0.22559231519699097,0.20449315011501312,0.21965469419956207,0.24106167256832123,0.25963276624679565,0.2428559809923172,0.25158068537712097,0.25486069917678833,0.2295258343219757
HOBBIES_2_013_CA_3_validation,0.36521127820014954,0.32879340648651123,0.27556344866752625,0.21388109028339386,0.17791711539030075,0.16984912008047104,0.15961547568440437,0.2104012370109558,0.2747449278831482,0.3114151954650879,0.3108050376176834,0.3008362278342247,0.2863066792488098,0.2594166398048401,0.27069398760795593,0.2898513749241829,0.30947691947221756,0.32458721101284027,0.32894258201122284,0.3106170818209648,0.2904657572507858,0.2894591689109802,0.29565587639808655,0.30759356170892715,0.31051158159971237,0.32806652784347534,0.33812879025936127,0.3250906616449356
HOBBIES_2_014_CA_3_validation,0.1996428705751896,0.19046861678361893,0.15668673440814018,0.10590499266982079,0.024827495217323303,-0.06019710563123226,-0.07446031086146832,-0.035408977419137955,0.050940532237291336,0.11832542717456818,0.16791937872767448,0.15670107677578926,0.1290818676352501,0.1814636029303074,0.16204223036766052,0.14798566699028015,0.13000071048736572,0.1099347323179245,0.08739913813769817,0.06847554352134466,0.05469338037073612,0.04571271128952503,0.04289429634809494,0.04726923070847988,0.06000202614814043,0.07450782228261232,0.08263414725661278,0.08621691726148129
HOBBIES_2_015_CA_3_validation,0.07792944833636284,0.1153680682182312,0.14077506959438324,0.13882553949952126,0.15077407658100128,0.1224900595843792,0.12890971451997757,0.1317802257835865,0.14298851788043976,0.1912909895181656,0.19449453055858612,0.1692923940718174,0.19199909269809723,0.21197544783353806,0.21747994422912598,0.2116672396659851,0.20112338662147522,0.18786285817623138,0.17364787682890892,0.16110746562480927,0.15080701187252998,0.14372270554304123,0.1380176693201065,0.1334078349173069,0.13414212316274643,0.13379515707492828,0.13325728476047516,0.13383039459586143
HOBBIES_2_016_CA_3_validation,0.07805528491735458,0.09949992783367634,0.1541826818138361,0.17896244674921036,0.2509830892086029,0.2438458316028118,0.21836984902620316,0.17149847000837326,0.09911220148205757,0.03994341567158699,0.03209420293569565,0.02348794788122177,0.083741694688797,0.11425128765404224,0.08051841706037521,0.09380307421088219,0.10495210066437721,0.115816131234169,0.12772230431437492,0.14877304062247276,0.1704721562564373,0.1831016931682825,0.19522791728377342,0.2013595663011074,0.21227717213332653,0.20990018546581268,0.20773687399923801,0.21550213173031807
HOBBIES_2_017_CA_3_validation,0.809453409165144,0.8900627307593822,0.8427136391401291,0.830470584332943,0.7408009842038155,0.5793460831046104,0.5121828429400921,0.399363711476326,0.3710460104048252,0.2943364530801773,0.28050072491168976,0.29919929802417755,0.2694444078952074,0.13685879297554493,0.19620078150182962,0.20339584909379482,0.2295311400666833,0.274277999997139,0.3244220092892647,0.35303207114338875,0.37412434816360474,0.40961005724966526,0.444358941167593,0.47885075211524963,0.4785829223692417,0.49482570961117744,0.49977103248238564,0.47668593004345894
HOBBIES_2_018_CA_3_validation,-0.012023206800222397,-0.0731586180627346,-0.10809819027781487,-0.11678533628582954,-0.08980877697467804,-0.01304650865495205,0.040670860558748245,0.0481844749301672,-0.010314248502254486,0.007043836638331413,-0.04104294069111347,-0.008368797600269318,0.014420416206121445,-0.014277383685112,0.009638827294111252,0.02482820302248001,0.04037073999643326,0.051935238763689995,0.06368144229054451,0.08106774929910898,0.09571847133338451,0.09676854126155376,0.09047553408890963,0.07936070114374161,0.07374001853168011,0.059309301897883415,0.050568072125315666,0.057124242186546326
HOBBIES_2_019_CA_3_validation,-0.10399552993476391,-0.13652929104864597,-0.1448377501219511,-0.15985608100891113,-0.15212940983474255,-0.08249794133007526,-0.018535582348704338,0.03718234598636627,0.08154386654496193,0.11246545240283012,0.0604875897988677,0.08757471106946468,0.07288220338523388,-0.009747231379151344,-0.006236918270587921,-0.006151217967271805,0.0054236967116594315,0.021827947348356247,0.041482169181108475,0.05379870533943176,0.062453229911625385,0.07243829779326916,0.07710064761340618,0.07780675310641527,0.0717401085421443,0.06738286465406418,0.06207454018294811,0.04662894643843174
HOBBIES_2_020_CA_3_validation,0.1582622528076172,0.23325428366661072,0.21043317019939423,0.16761718690395355,0.14708653092384338,0.1354251652956009,0.21486598253250122,0.23166005313396454,0.1280662715435028,0.16636940836906433,0.1027107834815979,0.10819747298955917,0.044356927275657654,-0.15029028058052063,-0.06425139307975769,-0.03876718878746033,0.0009391903877258301,0.05219096690416336,0.10325644910335541,0.09788171201944351,0.07773159444332123,0.09888018667697906,0.11898551136255264,0.13855458796024323,0.09216433763504028,0.09383527934551239,0.08967709541320801,0.03553084284067154
HOBBIES_2_021_CA_3_validation,0.3940374255180359,0.3924039602279663,0.34931449592113495,0.27818117290735245,0.25516627728939056,0.20534634590148926,0.18198131024837494,0.14595205709338188,0.14763761311769485,0.23153731226921082,0.23767568171024323,0.20683973282575607,0.1720113828778267,0.09840070456266403,0.131568543612957,0.11033475771546364,0.0963130071759224,0.0919865034520626,0.09505407884716988,0.10244762152433395,0.10556268319487572,0.10178031027317047,0.09692636132240295,0.09370459243655205,0.09049472585320473,0.0830633919686079,0.07622113823890686,0.07237640395760536
HOBBIES_2_022_CA_3_validation,0.46549487113952637,0.43749189376831055,0.442853182554245,0.3573380410671234,0.1942056566476822,0.13274389505386353,0.17759189009666443,0.2561631500720978,0.216556578874588,0.3859429955482483,0.46931540966033936,0.4438835084438324,0.28904104232788086,0.1852768063545227,0.2601792514324188,0.2627306282520294,0.29166895151138306,0.34129026532173157,0.3943020701408386,0.4076084494590759,0.39314258098602295,0.38828712701797485,0.37964731454849243,0.3902190327644348,0.3720392882823944,0.38468137383461,0.4001889228820801,0.3944203853607178
HOBBIES_2_023_CA_3_validation,0.4214757978916168,0.4022069424390793,0.427605539560318,0.4504550099372864,0.4253291040658951,0.37872956693172455,0.31429997831583023,0.2873641848564148,0.26655949652194977,0.24972821027040482,0.25616544485092163,0.24387681484222412,0.26556551456451416,0.3118000254034996,0.28692546486854553,0.2925286889076233,0.2922811433672905,0.2896253764629364,0.2847258076071739,0.27812857925891876,0.2770240902900696,0.28536222875118256,0.29350338131189346,0.3012217953801155,0.3005393072962761,0.3082633763551712,0.31082893162965775,0.3054316118359566
HOBBIES_2_024_CA_3_validation,1.3030763864517212,1.2385990470647812,1.0881048440933228,1.1508511900901794,1.3574054837226868,1.7047895193099976,1.977879673242569,2.0783133804798126,1.9127555191516876,2.242066502571106,2.33126100897789,2.501868635416031,2.413448929786682,1.7510042786598206,1.7886828780174255,1.8193048238754272,1.8832632303237915,1.9705791473388672,2.0637980699539185,2.016951620578766,1.951707512140274,1.9912484288215637,2.0403854846954346,2.1146970987319946,2.028261125087738,2.079619735479355,2.099565327167511,1.9868078231811523
HOBBIES_2_025_CA_3_validation,0.46340373158454895,0.37052904814481735,0.27835413068532944,0.2627324312925339,0.2757219895720482,0.2567564696073532,0.2723557949066162,0.25224342942237854,0.17823419719934464,0.22592630982398987,0.26501718163490295,0.3065718859434128,0.34847941249608994,0.29325612634420395,0.34291912615299225,0.3798060715198517,0.41207367181777954,0.4376369118690491,0.45527127385139465,0.43743833899497986,0.41652703285217285,0.4253525733947754,0.4320063292980194,0.43898963928222656,0.4044291079044342,0.4080103039741516,0.4058290421962738,0.37138156592845917
HOBBIES_2_026_CA_3_validation,0.023891910910606384,-0.06205901876091957,-0.11869313567876816,0.026490267366170883,0.2707386910915375,0.5498226284980774,0.747115820646286,0.9660384356975555,0.9794376790523529,0.8895278871059418,0.8263518512248993,0.8317876160144806,0.8633124232292175,0.9711740612983704,0.8665215969085693,0.9066081941127777,0.919963002204895,0.9095325171947479,0.8866855502128601,0.8443424105644226,0.820778489112854,0.8267606198787689,0.8315781354904175,0.8290069699287415,0.7969423234462738,0.79133740067482,0.7924784123897552,0.7778719067573547
HOBBIES_2_027_CA_3_validation,0.3559189662337303,0.33946698904037476,0.2819751799106598,0.2056092917919159,0.13260339573025703,0.08429683372378349,0.06732640787959099,0.0561706367880106,0.04930124245584011,0.0851212665438652,0.09622447192668915,0.08095722645521164,0.0538378581404686,0.00011681299656629562,-0.0016886545345187187,0.0023500844836235046,0.01285683223977685,0.029264196753501892,0.04696650244295597,0.05440463125705719,0.056522469967603683,0.06503226980566978,0.07128271088004112,0.07830392941832542,0.07042444869875908,0.07283677160739899,0.07050313800573349,0.05757145956158638
HOBBIES_2_028_CA_3_validation,1.4415811747312546,1.2841205298900604,0.9763650968670845,0.7291037030518055,0.5505002103745937,0.38062529638409615,0.3347658645361662,0.31745200976729393,0.40143856778740883,0.3967203386127949,0.23831038735806942,0.21114321425557137,0.15479374676942825,0.2592048794031143,0.1382636558264494,0.1876221690326929,0.25664943270385265,0.3391131106764078,0.422623660415411,0.47373974695801735,0.5152235180139542,0.5506853945553303,0.5744447372853756,0.5907541885972023,0.5754855461418629,0.561760850250721,0.5387347564101219,0.5253645032644272
HOBBIES_2_029_CA_3_validation,-0.06127893924713135,-0.09306827560067177,-0.0772814229130745,0.008532509207725525,0.16949870064854622,0.3338099494576454,0.45829465985298157,0.4427812248468399,0.32740842923521996,0.362678162753582,0.3505263961851597,0.298710186034441,0.17380545288324356,0.10978696495294571,0.19212919659912586,0.22098368033766747,0.2495104931294918,0.26678410172462463,0.27787844464182854,0.26359203830361366,0.23386164009571075,0.2209150716662407,0.22519754618406296,0.2448381930589676,0.2576851472258568,0.29050032794475555,0.32296372950077057,0.3289983719587326
HOBBIES_2_030_CA_3_validation,-0.07236546836793423,-0.11222492158412933,-0.1283094808459282,-0.13773011416196823,-0.15852347016334534,-0.16072922945022583,-0.1281600147485733,-0.09105123393237591,-0.08194312267005444,-0.07625716365873814,-0.08887396194040775,-0.11406071484088898,-0.14737851172685623,-0.12344679236412048,-0.1422915682196617,-0.1478426232933998,-0.15545569360256195,-0.1657918319106102,-0.17612642794847488,-0.18024109303951263,-0.1825958490371704,-0.18666572123765945,-0.1890110895037651,-0.19008868932724,-0.18502657860517502,-0.18515505641698837,-0.18517566472291946,-0.18102805316448212
HOBBIES_2_031_CA_3_validation,0.6348432898521423,0.5886571258306503,0.49911627173423767,0.4040423333644867,0.27594510465860367,0.2518709823489189,0.23126140236854553,0.24119628220796585,0.17425916343927383,0.281984880566597,0.2808489203453064,0.27575113624334335,0.24658045917749405,0.04408182017505169,0.14179064333438873,0.1611933633685112,0.19346889853477478,0.23336776345968246,0.2719270884990692,0.2830924987792969,0.27506882697343826,0.2710331752896309,0.26553694903850555,0.268400140106678,0.2547522559762001,0.26257581263780594,0.2709605321288109,0.2642171010375023
HOBBIES_2_032_CA_3_validation,1.4896608889102936,1.7318415194749832,1.7426138892769814,1.689838096499443,1.7507968246936798,1.8749107420444489,1.9336520582437515,1.9356027692556381,1.8892146348953247,1.9000490084290504,1.926604300737381,1.9563570320606232,1.5447940975427628,1.1605885401368141,1.0301447920501232,0.964161142706871,0.9494116865098476,0.982204582542181,1.0521146394312382,1.1198757998645306,1.1511798985302448,1.157993372529745,1.1806190013885498,1.2285296246409416,1.2665400356054306,1.2851312458515167,1.3006570935249329,1.3113438189029694
HOBBIES_2_033_CA_3_validation,2.1173744201660156,2.295133590698242,2.2602314949035645,2.286064386367798,1.851879596710205,1.8166333436965942,1.9967458248138428,2.106945276260376,2.1645102500915527,2.3237555027008057,2.376366376876831,2.7477071285247803,2.459782838821411,2.270258665084839,2.4885034561157227,2.6146340370178223,2.774470806121826,2.942220687866211,3.0932109355926514,3.036036491394043,2.934387445449829,2.9652099609375,2.9808835983276367,3.0306172370910645,2.9046449661254883,3.000720500946045,3.0684072971343994,2.9507036209106445
HOBBIES_2_034_CA_3_validation,0.2527405880391598,0.20809117890894413,0.1588815115392208,0.10769259743392467,0.040698117576539516,-0.033429088070988655,-0.028270957991480827,-0.0293745007365942,0.015732552856206894,0.07820604182779789,0.1268764976412058,0.07476252131164074,0.06353700626641512,0.10602408833801746,0.16239022836089134,0.16952984873205423,0.17383709736168385,0.1733419168740511,0.16718169581145048,0.1668984442949295,0.16228059120476246,0.15072408504784107,0.13978020288050175,0.13141493499279022,0.13857523910701275,0.14527095295488834,0.15287694614380598,0.1681178119033575
HOBBIES_2_035_CA_3_validation,0.03811797499656677,0.11239422857761383,0.13588270545005798,0.16464829444885254,0.27288398146629333,0.21624284982681274,0.1826115846633911,0.09874289482831955,0.0804513692855835,0.0870526134967804,0.07659522444009781,0.058853402733802795,0.05205533653497696,0.05041707307100296,0.10838097333908081,0.1112145185470581,0.11965504288673401,0.12759564816951752,0.1338096410036087,0.15445271134376526,0.17412446439266205,0.17714154720306396,0.1752622276544571,0.1679125726222992,0.17877215147018433,0.1712982952594757,0.16050229966640472,0.1633281409740448
HOBBIES_2_036_CA_3_validation,0.5478197522461414,0.1331768035888672,-0.5231698453426361,-0.9973510801792145,-0.9704380482435226,-0.9780338108539581,-0.4611726850271225,0.0078000351786613464,0.056595608592033386,0.390617772936821,0.3275397792458534,0.08995237946510315,-0.11500613391399384,0.12082388252019882,0.15703000873327255,0.2938338369131088,0.41946475952863693,0.5123901814222336,0.564279917627573,0.4971076585352421,0.4052205979824066,0.4132011756300926,0.4547903537750244,0.512133315205574,0.4649106115102768,0.5173940844833851,0.5412844344973564,0.4318317249417305
HOBBIES_2_037_CA_3_validation,0.49348321557044983,0.4593344032764435,0.38335996121168137,0.33882351964712143,0.3242320641875267,0.3546544164419174,0.4045051485300064,0.5031581595540047,0.4544256627559662,0.46679097414016724,0.49288756400346756,0.6124347969889641,0.6778498142957687,0.5749375894665718,0.5856727212667465,0.6092353016138077,0.6277051419019699,0.6403756588697433,0.6506446897983551,0.6310041472315788,0.6242885291576385,0.6582268476486206,0.6888280361890793,0.7113230228424072,0.6843351721763611,0.6897194012999535,0.6892059966921806,0.6531682685017586
HOBBIES_2_038_CA_3_validation,1.202748417854309,1.0942299664020538,0.9279869496822357,0.8604924380779266,0.8234593272209167,0.8099552989006042,0.8561749756336212,0.9434613585472107,0.9195639193058014,0.9225630760192871,0.8807866275310516,0.8074221014976501,0.7395629584789276,0.7972989976406097,0.7594786584377289,0.8079333603382111,0.8527089655399323,0.8924190700054169,0.9254391491413116,0.9191696345806122,0.9106461703777313,0.9355516731739044,0.9579947590827942,0.9753935039043427,0.9451392292976379,0.9568047523498535,0.9651666879653931,0.9363508224487305
HOBBIES_2_039_CA_3_validation,0.1933823525905609,0.20435050874948502,0.17804135754704475,0.10471833497285843,0.0013671442866325378,-0.10985677689313889,-0.1421489417552948,-0.1666894108057022,-0.21610477566719055,-0.13441094756126404,-0.12812617421150208,-0.10661539435386658,-0.13004086911678314,-0.12229404598474503,-0.03885289281606674,-0.0017754659056663513,0.04169154167175293,0.08289206027984619,0.11588812619447708,0.12748609855771065,0.12725844606757164,0.1301635131239891,0.1265011690557003,0.12472343444824219,0.10889161750674248,0.11388637125492096,0.11586172878742218,0.10542601346969604
HOBBIES_2_040_CA_3_validation,0.2722402811050415,0.28220227360725403,0.2393079623579979,0.22455735504627228,0.26879994571208954,0.33306583017110825,0.38035619258880615,0.42652246356010437,0.3850807249546051,0.4266805797815323,0.39505112171173096,0.43693748116493225,0.38689130544662476,0.3815229535102844,0.3674149587750435,0.3840301036834717,0.40791481733322144,0.4332253038883209,0.45644134283065796,0.4479365944862366,0.4409131854772568,0.4589109420776367,0.4732376039028168,0.48440417647361755,0.4644355773925781,0.47033531963825226,0.470860093832016,0.44572073221206665
HOBBIES_2_041_CA_3_validation,0.08228834066540003,-0.21505437791347504,-0.3803911842405796,-0.45128853991627693,-0.28930583968758583,0.0058824606239795685,0.2674135882407427,0.5869019366800785,0.8770579099655151,0.8989461660385132,0.7811155021190643,0.7323666960000992,0.7146600186824799,0.6418800018727779,0.49760914221405983,0.45718099921941757,0.4069633297622204,0.3451031409204006,0.2810378335416317,0.2465250976383686,0.26213756389915943,0.2879732698202133,0.3131779935210943,0.32129186019301414,0.3374992273747921,0.32017967104911804,0.2981128729879856,0.296235928311944
HOBBIES_2_042_CA_3_validation,1.6906378120183945,1.4360047280788422,1.2315818965435028,1.1720396801829338,1.148478202521801,1.127181589603424,1.2983016893267632,1.5335846245288849,1.6369204819202423,1.614117756485939,1.6498010754585266,1.6176222115755081,1.5337028056383133,1.462464839220047,1.456341713666916,1.4963988810777664,1.5370566248893738,1.5756754577159882,1.6097594797611237,1.582349494099617,1.6002256572246552,1.7234762609004974,1.8292776942253113,1.9087835848331451,1.8528594970703125,1.8859331607818604,1.8919061422348022,1.796900823712349
HOBBIES_2_043_CA_3_validation,2.577927589416504,2.4130706787109375,2.1343305110931396,2.082357406616211,2.240675210952759,2.406083345413208,2.5031886100769043,2.7153146266937256,2.698103189468384,2.5654094219207764,2.54343581199646,2.564871311187744,2.595447540283203,2.862298011779785,2.769974708557129,2.8975353240966797,2.9821362495422363,3.0332605838775635,3.0638632774353027,2.9981284141540527,2.978611469268799,3.094707489013672,3.206528902053833,3.2909908294677734,3.2192108631134033,3.2744340896606445,3.31203031539917,3.223681926727295
HOBBIES_2_044_CA_3_validation,0.17972387373447418,0.08979063481092453,-0.01895427703857422,-0.04761794954538345,-0.01464918628334999,0.06127341091632843,0.1502879485487938,0.22834132611751556,0.20077022910118103,0.2442578673362732,0.19819758832454681,0.21352674812078476,0.18025585636496544,0.09632406011223793,0.11413952708244324,0.12089377641677856,0.12684135138988495,0.1277364157140255,0.12455981969833374,0.11130224168300629,0.09981328994035721,0.10211308300495148,0.11009188368916512,0.12239620462059975,0.12423120439052582,0.13509194925427437,0.14480208232998848,0.14075526595115662
HOBBIES_2_045_CA_3_validation,0.42104119062423706,0.3720986992120743,0.2863005995750427,0.19886688888072968,0.1844993233680725,0.30096443742513657,0.39463166892528534,0.5368079245090485,0.5344858467578888,0.6497321426868439,0.5914889574050903,0.5923943817615509,0.4918961226940155,0.4140061140060425,0.37201519310474396,0.395224928855896,0.4287624657154083,0.4692267179489136,0.5072260200977325,0.47656604647636414,0.440243124961853,0.4608396291732788,0.48011550307273865,0.5018174350261688,0.45444434881210327,0.4700906574726105,0.47878700494766235,0.4260319322347641
HOBBIES_2_046_CA_3_validation,0.1474216766655445,0.2399214468896389,0.27815793827176094,0.2761860713362694,0.2409910224378109,0.1716612558811903,0.05656285583972931,-0.02679167315363884,0.01842154562473297,-0.007881652563810349,0.016202077269554138,0.03157751262187958,0.0880737416446209,0.09642487205564976,0.05737213045358658,0.03395657241344452,0.009098250418901443,-0.011563077569007874,-0.027445372194051743,-0.039265021681785583,-0.04838160425424576,-0.05586891993880272,-0.055734023451805115,-0.05663694068789482,-0.04992700740695,-0.048602789640426636,-0.0491696260869503,-0.04962438344955444
HOBBIES_2_047_CA_3_validation,0.025994595140218735,0.006723463535308838,-0.04100281000137329,-0.06266897916793823,0.0072388797998428345,0.08117352426052094,0.14322897791862488,0.16181553900241852,0.1445738673210144,0.22738005220890045,0.23228521645069122,0.2668769359588623,0.2722659707069397,0.18347513675689697,0.2281363308429718,0.23449526727199554,0.23980706930160522,0.24186374247074127,0.24195490777492523,0.23659788072109222,0.22917822003364563,0.22581806778907776,0.22146858274936676,0.21776336431503296,0.20979434251785278,0.2080269455909729,0.20785026252269745,0.20331799983978271
HOBBIES_2_048_CA_3_validation,0.04534535109996796,0.0035499706864356995,0.046012766659259796,0.10341645032167435,0.12338660657405853,0.22809619084000587,0.2985139302909374,0.2818031944334507,0.31971802562475204,0.3637733459472656,0.2931748926639557,0.3568042069673538,0.3654007092118263,0.3082248345017433,0.2914181351661682,0.28028392046689987,0.2859974503517151,0.2993612512946129,0.31777523458004,0.3171910047531128,0.3090728335082531,0.31113748252391815,0.30401086434721947,0.3056897819042206,0.28694091737270355,0.29408498108386993,0.29766757413744926,0.2797115817666054
HOBBIES_2_049_CA_3_validation,0.3826756030321121,0.304496418684721,0.28660697862505913,0.2887885272502899,0.27881694957613945,0.21664049476385117,0.16621200367808342,0.14328152872622013,0.1653892546892166,0.17883989959955215,0.16293510794639587,0.07587835192680359,0.14753803610801697,0.22571463137865067,0.2573630027472973,0.2731965482234955,0.2736986428499222,0.2619815617799759,0.24380143731832504,0.2405160665512085,0.2424408122897148,0.24133972823619843,0.2393117919564247,0.23146465420722961,0.2405976690351963,0.2458452433347702,0.2526168152689934,0.26923447847366333
HOBBIES_2_050_CA_3_validation,-0.02377447485923767,0.0029322654008865356,0.05067583918571472,0.11500763893127441,0.20883870124816895,0.28773409128189087,0.2806689143180847,0.23318256437778473,0.16464675962924957,0.13205254077911377,0.13071486353874207,0.18207666277885437,0.20976689457893372,0.20958241820335388,0.2075880467891693,0.21823811531066895,0.22810101509094238,0.23699605464935303,0.24756410717964172,0.2536505460739136,0.25912219285964966,0.26931366324424744,0.27930545806884766,0.28955596685409546,0.29140621423721313,0.2989653944969177,0.3053342401981354,0.3055625557899475
HOBBIES_2_051_CA_3_validation,0.5313969030976295,0.50333172082901,0.4498548060655594,0.44411592185497284,0.3656177595257759,0.3493371605873108,0.3242994472384453,0.3212479129433632,0.30024152249097824,0.22352943196892738,0.137881338596344,0.14045164920389652,0.1578700914978981,0.17019562423229218,0.18077334389090538,0.22979257628321648,0.2726074866950512,0.3080993890762329,0.3334157168865204,0.330832377076149,0.31861666589975357,0.31824998557567596,0.320984348654747,0.32840438187122345,0.3187723457813263,0.32896608114242554,0.33575501292943954,0.3285650908946991
HOBBIES_2_052_CA_3_validation,-0.1446662750095129,-0.21519318222999573,-0.25730282068252563,-0.2533644065260887,-0.19837092608213425,-0.11144106276333332,0.010966314002871513,0.1506371609866619,0.1416601613163948,0.2055327594280243,0.20123668015003204,0.19969090819358826,0.16063977032899857,0.11908331885933876,0.1322527602314949,0.12550851330161095,0.13388014398515224,0.14611820690333843,0.15630830079317093,0.16365107148885727,0.1754329912364483,0.19004546105861664,0.20373152568936348,0.2168004773557186,0.22805312648415565,0.2394416369497776,0.25258220732212067,0.25842616334557533
HOBBIES_2_053_CA_3_validation,-0.4236223176121712,-0.3851982578635216,-0.41037503629922867,-0.3683667257428169,-0.08785523474216461,0.15205010771751404,0.42170435190200806,0.48755943775177,0.3966057300567627,0.5763896182179451,0.5111429840326309,0.46533770859241486,0.4055609181523323,0.14053914695978165,0.20484503358602524,0.1836533099412918,0.17953155562281609,0.18302235752344131,0.18461287021636963,0.14484047889709473,0.08791416883468628,0.053227562457323074,0.03693971782922745,0.040641091763973236,0.0403173454105854,0.06066765636205673,0.07655464112758636,0.06128549575805664
HOBBIES_2_054_CA_3_validation,1.129580020904541,0.9955053329467773,0.7798261642456055,0.5369898080825806,0.41093164682388306,0.3679710030555725,0.3751971125602722,0.4167484939098358,0.4641759395599365,0.640887975692749,0.6741729974746704,0.6264327764511108,0.5631086826324463,0.4578365385532379,0.48828139901161194,0.49832355976104736,0.515851616859436,0.5431340336799622,0.5753310918807983,0.5768419504165649,0.5739006400108337,0.5936541557312012,0.6056677103042603,0.613538384437561,0.577057957649231,0.5735961198806763,0.568120002746582,0.5391666889190674
HOBBIES_2_055_CA_3_validation,0.2104087471961975,0.1554248034954071,0.11190900206565857,0.07447351515293121,0.006393276154994965,-0.047244779765605927,-0.0474538579583168,0.0018309354782104492,0.03473294898867607,0.06974966824054718,0.07456745207309723,0.044180069118738174,0.02834291383624077,0.0675293356180191,0.059177763760089874,0.0626845434308052,0.06378132104873657,0.06239119544625282,0.05740955099463463,0.04988587275147438,0.043654732406139374,0.042229969054460526,0.04049554094672203,0.03929418697953224,0.034239672124385834,0.0347648561000824,0.032584208995103836,0.02726168930530548
HOBBIES_2_056_CA_3_validation,0.4500250071287155,0.4599990248680115,0.43826615810394287,0.40533243119716644,0.30834176391363144,0.23740187287330627,0.18336299434304237,0.16917119175195694,0.17119617015123367,0.15219832956790924,0.1840597204864025,0.21602359414100647,0.22085367143154144,0.2645604908466339,0.23627033829689026,0.22355248779058456,0.21199795603752136,0.20460060238838196,0.1985800489783287,0.19369476288557053,0.1896894872188568,0.1873287297785282,0.19076509773731232,0.20029230415821075,0.2140960469841957,0.22700782120227814,0.2364567071199417,0.24230249226093292
HOBBIES_2_057_CA_3_validation,0.18347665667533875,0.11930329352617264,0.10202795267105103,0.0933791920542717,0.12114527076482773,0.13396918773651123,0.1482679843902588,0.16801470518112183,0.15425032377243042,0.16955812275409698,0.19543644785881042,0.19365565478801727,0.2337483912706375,0.26314669847488403,0.25926488637924194,0.2649901807308197,0.2670292556285858,0.2666473090648651,0.2643802762031555,0.2675623595714569,0.2736961841583252,0.2726268172264099,0.2690095603466034,0.266226589679718,0.2628076672554016,0.25313475728034973,0.24678948521614075,0.2507800757884979
HOBBIES_2_058_CA_3_validation,-0.03699800930917263,-0.048562146723270416,-0.1583820916712284,-0.15943854115903378,-0.03758087381720543,0.14471240434795618,0.20692874118685722,0.21491023898124695,0.09515291545540094,0.19902765937149525,0.20983858406543732,0.3276972211897373,0.3530777730047703,0.24109897017478943,0.32818211428821087,0.3902124483138323,0.4318772479891777,0.44874683022499084,0.44424595683813095,0.40108419954776764,0.3461244907230139,0.30558021180331707,0.27794927172362804,0.26972536370158195,0.25073929876089096,0.25780776888132095,0.260868564248085,0.24154863134026527
HOBBIES_2_059_CA_3_validation,0.8116951882839203,0.649223243817687,0.601052857004106,0.09934660792350769,-0.44219559989869595,-0.8698733076453209,-1.7910658232867718,-1.9842127673327923,-1.4774132631719112,-1.6789324209094048,-1.7213644981384277,-1.9592996053397655,-1.5174298770725727,-1.298828098922968,-1.5081939920783043,-1.4891824275255203,-1.475339513272047,-1.4600574597716331,-1.4531912729144096,-1.3263423666357994,-1.208373785018921,-1.2083371728658676,-1.1819658614695072,-1.1906389519572258,-0.9983080364763737,-1.0093841515481472,-1.0309189036488533,-0.9457090459764004
HOBBIES_2_060_CA_3_validation,0.06596088409423828,0.15115782618522644,0.17537254095077515,0.17511647939682007,0.12032289803028107,0.07249341905117035,0.13597534596920013,0.2822069227695465,0.3838641345500946,0.42779016494750977,0.47813355922698975,0.4459584355354309,0.290091335773468,0.3268129527568817,0.3006138205528259,0.28538253903388977,0.27386394143104553,0.2650153636932373,0.2575628459453583,0.24780109524726868,0.22967422008514404,0.21182775497436523,0.2071244716644287,0.21490712463855743,0.23318994045257568,0.25257980823516846,0.26800811290740967,0.2725967764854431
HOBBIES_2_061_CA_3_validation,-0.5367680788040161,-0.40605583786964417,-0.2502647936344147,-0.20284536480903625,-0.012071609497070312,-0.05548673868179321,-0.2720145285129547,-0.41591718792915344,-0.4220100939273834,-0.36990121006965637,-0.2986731231212616,-0.33066830039024353,-0.2510647475719452,-0.16056197881698608,-0.10044020414352417,-0.11532360315322876,-0.148770272731781,-0.193796306848526,-0.23895618319511414,-0.27009233832359314,-0.2934456169605255,-0.30495908856391907,-0.3002125918865204,-0.30127188563346863,-0.282396525144577,-0.2761693298816681,-0.27606001496315,-0.28321507573127747
HOBBIES_2_062_CA_3_validation,0.12367817759513855,0.11763723939657211,0.1493152119219303,0.21241557598114014,0.2582448273897171,0.2691635861992836,0.22135256230831146,0.1449703797698021,0.09945757314562798,0.1362472102046013,0.12844546884298325,0.10135909169912338,0.15159926936030388,0.11027258634567261,0.15156090259552002,0.1445419192314148,0.13497066870331764,0.12622786313295364,0.12173902988433838,0.13328099995851517,0.1399722620844841,0.13370608538389206,0.12693921849131584,0.12151534482836723,0.13434238359332085,0.13907534256577492,0.14640701562166214,0.16643328219652176
HOBBIES_2_063_CA_3_validation,0.46242404729127884,0.36102160811424255,0.2825232595205307,0.3202006220817566,0.4112541675567627,0.5864503234624863,0.7388570159673691,0.8602679520845413,0.8149745315313339,0.9495526552200317,0.9024500846862793,0.8945332467556,0.7351010292768478,0.5837265774607658,0.6070901826024055,0.6072921678423882,0.6205307692289352,0.6376927345991135,0.6532464176416397,0.6272652745246887,0.594760961830616,0.5958547815680504,0.602988563477993,0.6223049759864807,0.6056302413344383,0.6289917230606079,0.6492017954587936,0.6380383670330048
HOBBIES_2_064_CA_3_validation,0.3435419127345085,0.34681469202041626,0.34282274544239044,0.3417694568634033,0.3044373169541359,0.2755509875714779,0.26023728772997856,0.265136044472456,0.2771114185452461,0.29442811384797096,0.3039582632482052,0.3602754697203636,0.3658241778612137,0.4109705984592438,0.3891611471772194,0.37993546575307846,0.3666089102625847,0.351606048643589,0.3367529436945915,0.3193257376551628,0.30836669728159904,0.30883200466632843,0.310919675976038,0.3177526220679283,0.3176404535770416,0.32671432942152023,0.33165886998176575,0.32795682549476624
HOBBIES_2_065_CA_3_validation,0.3356262296438217,0.3999261185526848,0.3425447642803192,0.31181391328573227,0.2508072555065155,0.1762700267136097,0.1874903030693531,0.1535583660006523,0.18119549378752708,0.1917014643549919,0.2234170399606228,0.28535548597574234,0.24160346016287804,0.22017665207386017,0.21903561428189278,0.23105209693312645,0.24756653234362602,0.2691987529397011,0.2890225127339363,0.2813033014535904,0.2673983573913574,0.2684491500258446,0.2757361903786659,0.2913467586040497,0.28135262429714203,0.2933400124311447,0.29621049761772156,0.2769341692328453
HOBBIES_2_066_CA_3_validation,-0.031693195924162865,-0.027205999940633774,-0.0024083908647298813,-0.012889290228486061,-0.004757847636938095,0.0010685250163078308,-0.02396826632320881,-0.06262010894715786,-0.06074558012187481,-0.08205472491681576,-0.11045102961361408,-0.1418145466595888,-0.17877761274576187,-0.15998829156160355,-0.19499372690916061,-0.20554102957248688,-0.21314196288585663,-0.21778911352157593,-0.2176167443394661,-0.20835306495428085,-0.2007322758436203,-0.20125765353441238,-0.19707724452018738,-0.191233828663826,-0.17362240701913834,-0.16709040850400925,-0.16161903738975525,-0.15004648827016354
HOBBIES_2_067_CA_3_validation,-0.2033010870218277,-0.2783505320549011,-0.3322632312774658,-0.30544960498809814,-0.16366438567638397,0.013040512800216675,0.13751915097236633,0.21139229834079742,0.2518320679664612,0.32645899057388306,0.26311710476875305,0.27141380310058594,0.22700533270835876,0.20379963517189026,0.22478723526000977,0.24381135404109955,0.2581981420516968,0.2623048424720764,0.2577383518218994,0.2396881878376007,0.21704599261283875,0.19513282179832458,0.1774834394454956,0.16748888790607452,0.16123895347118378,0.1601356863975525,0.16099238395690918,0.1597691774368286
HOBBIES_2_068_CA_3_validation,0.4595806449651718,0.4626028686761856,0.35818666219711304,0.3223729357123375,0.3722860515117645,0.501841127872467,0.6346728801727295,0.7287698686122894,0.6494323164224625,0.790552943944931,0.7540174126625061,0.7174743711948395,0.5889097452163696,0.5467777848243713,0.574450895190239,0.616527870297432,0.6575354486703873,0.6998043358325958,0.7406870126724243,0.7315172553062439,0.6987132132053375,0.6837342381477356,0.6723989993333817,0.6731274425983429,0.6372184306383133,0.644844263792038,0.6528716683387756,0.6300446838140488
HOBBIES_2_069_CA_3_validation,-0.12276453897356987,-0.08733903989195824,-0.01675982028245926,0.005133841186761856,0.16487747430801392,0.3281727805733681,0.3244389221072197,0.2875060588121414,0.18156005069613457,0.18533362075686455,-0.003280285745859146,-0.046566445380449295,-0.04532789811491966,-0.017250236123800278,-0.019723083823919296,0.05444113165140152,0.12580636888742447,0.18268030136823654,0.2243373729288578,0.2194426953792572,0.20197317004203796,0.20869966596364975,0.21575834602117538,0.21100569516420364,0.19173167645931244,0.1944955624639988,0.19155781716108322,0.1593274250626564
HOBBIES_2_070_CA_3_validation,0.3279561400413513,0.3995436131954193,0.39652037620544434,0.38552579283714294,0.3139554560184479,0.2943101227283478,0.23597288131713867,0.27594467997550964,0.2476641833782196,0.23604905605316162,0.2798558175563812,0.3798365294933319,0.3304089605808258,0.3413092792034149,0.31984493136405945,0.3365057110786438,0.3595190644264221,0.38534462451934814,0.40937089920043945,0.37429219484329224,0.3416459560394287,0.3646948039531708,0.39142394065856934,0.4226306080818176,0.3973233699798584,0.4276590347290039,0.44952505826950073,0.4097066819667816
HOBBIES_2_071_CA_3_validation,0.7528545558452606,0.7007297500967979,0.6564330607652664,0.6062990799546242,0.44414249807596207,0.37008143216371536,0.38935981690883636,0.43849243968725204,0.6159707903862,0.6498973742127419,0.6492058113217354,0.6130637228488922,0.5043952018022537,0.4865956977009773,0.4575178250670433,0.4289821460843086,0.40867502242326736,0.3928057663142681,0.37533438950777054,0.36499281227588654,0.3586275652050972,0.3407721258699894,0.3255225643515587,0.32400185614824295,0.3395078331232071,0.35185640305280685,0.36082713678479195,0.3780156821012497
HOBBIES_2_072_CA_3_validation,0.5013537257909775,0.48372960090637207,0.48147180676460266,0.5138792842626572,0.4621616005897522,0.4580659568309784,0.4985277056694031,0.5261414498090744,0.5870754718780518,0.5817864686250687,0.510033130645752,0.4345749020576477,0.3257920369505882,0.3416965529322624,0.29790088534355164,0.27216996252536774,0.25448302924633026,0.24353604018688202,0.23914669454097748,0.25721463561058044,0.27364908903837204,0.2698379158973694,0.2604164779186249,0.25106801837682724,0.258476659655571,0.2562645301222801,0.2571043074131012,0.2764770984649658
HOBBIES_2_073_CA_3_validation,0.27337832003831863,0.2626928463578224,0.21069377660751343,0.18418485671281815,0.1556495502591133,0.03728203475475311,0.013367626816034317,0.003157608211040497,-0.010943524539470673,-0.04253533110022545,0.009712312370538712,0.01646106317639351,0.07761645689606667,0.07254056632518768,0.15175534039735794,0.19438310712575912,0.24137867242097855,0.28476060926914215,0.3203408718109131,0.3698092997074127,0.41087235510349274,0.4265841990709305,0.4329325407743454,0.43194039165973663,0.4438866376876831,0.43427006900310516,0.42890864610671997,0.4405033439397812
HOBBIES_2_074_CA_3_validation,0.2844773679971695,0.2645288556814194,0.2157398108392954,0.22316596284508705,0.2169661745429039,0.17354301363229752,0.13012844510376453,0.12183400616049767,0.11904530227184296,0.0737671060487628,0.08223073929548264,0.08603792078793049,0.07751595322042704,0.08178510889410973,0.06124777067452669,0.05122503079473972,0.04555117059499025,0.04205414280295372,0.04144280590116978,0.04633995518088341,0.05686984769999981,0.072320899926126,0.09235139191150665,0.11080323904752731,0.12381850741803646,0.13383137062191963,0.14152482524514198,0.14183460734784603
HOBBIES_2_075_CA_3_validation,3.3348568379879,3.6160907596349716,3.520616054534912,3.6724561154842377,3.5457595586776733,3.2226125299930573,3.1869244277477264,2.7870909571647644,2.667531907558441,2.678699940443039,2.5342088788747787,2.7720953971147537,2.6984975337982178,2.503408595919609,3.1771210432052612,3.235282242298126,3.332712471485138,3.461541786789894,3.588737204670906,3.492319419980049,3.4159044921398163,3.5577616691589355,3.6789407432079315,3.807403415441513,3.704106330871582,3.8684014976024628,4.009938180446625,3.9521801471710205
HOBBIES_2_076_CA_3_validation,0.4314168579876423,0.323146540671587,0.2936507910490036,0.37493453174829483,0.3120870552957058,0.377180278301239,0.4629129655659199,0.6128523051738739,0.7013104856014252,0.6051507443189621,0.5333921313285828,0.4213736280798912,0.31807277351617813,0.43106649443507195,0.4389670081436634,0.4728890061378479,0.49894827604293823,0.5079787038266659,0.49969470128417015,0.44802509620785713,0.3907236233353615,0.3777320086956024,0.3716726303100586,0.37288398295640945,0.36626164242625237,0.4010944180190563,0.4435284733772278,0.4401104673743248
HOBBIES_2_077_CA_3_validation,0.06609250325709581,0.03362827468663454,-0.0356968492269516,-0.0881759263575077,-0.07270492613315582,-0.0877266563475132,-0.0887390784919262,-0.08097875863313675,-0.10639086365699768,-0.05851748399436474,-0.0375150702893734,-0.07989315316081047,-0.09264837950468063,-0.06019475869834423,-0.03900098614394665,-0.015778886154294014,0.004345942288637161,0.022124634124338627,0.03808219917118549,0.03865630831569433,0.03403679467737675,0.03433021251112223,0.031636967323720455,0.026169060729444027,0.00424322672188282,-0.010086540132761002,-0.02477390691637993,-0.041508181020617485
HOBBIES_2_078_CA_3_validation,0.040257442742586136,0.015363600105047226,0.05174094811081886,0.038483813405036926,0.0906309112906456,0.18867213279008865,0.1605653204023838,0.14167831279337406,0.12855732813477516,0.13507816940546036,0.028955508023500443,-0.03048451617360115,-0.026695355772972107,0.009210128337144852,-0.031247157603502274,-0.004518795758485794,0.02833561971783638,0.06411189213395119,0.0962509773671627,0.12092042714357376,0.12823209166526794,0.12418298982083797,0.11170607060194016,0.10149026289582253,0.09462079033255577,0.09368209168314934,0.09516783058643341,0.09720202535390854
HOBBIES_2_079_CA_3_validation,0.13299359008669853,0.09690754115581512,0.044205100275576115,-0.007857214659452438,-0.055427197366952896,-0.055564241483807564,-0.038409484550356865,0.03577656112611294,0.04615909419953823,0.10416463948786259,0.131419925019145,0.11577785015106201,0.14293406158685684,0.13248344883322716,0.09230072610080242,0.10223369114100933,0.11401727795600891,0.12614388950169086,0.13618563301861286,0.13567382469773293,0.1284051313996315,0.12762520462274551,0.12879285030066967,0.13293666765093803,0.13266073539853096,0.13923894613981247,0.14502523466944695,0.14124663546681404
HOBBIES_2_080_CA_3_validation,0.09876127168536186,0.11810756474733353,0.1392923891544342,0.1581214852631092,0.24881496280431747,0.31976958364248276,0.37056874483823776,0.40206179022789,0.44024983048439026,0.4260329604148865,0.35784993320703506,0.30953020602464676,0.2467098981142044,0.24711482226848602,0.1907951384782791,0.17187414318323135,0.15627653896808624,0.14339512959122658,0.13537612929940224,0.13981883972883224,0.15603415668010712,0.17502252012491226,0.196085125207901,0.21031370759010315,0.2308822050690651,0.2417069524526596,0.2515512853860855,0.26375406235456467
HOBBIES_2_081_CA_3_validation,0.19249771535396576,0.11582022160291672,0.05423929542303085,0.004746109247207642,0.03723527491092682,0.06877140700817108,0.14002090692520142,0.13410471379756927,0.1628108024597168,0.2363845705986023,0.21013161540031433,0.16172072291374207,0.20553195476531982,0.10324719548225403,0.11014022678136826,0.12872689962387085,0.14517787098884583,0.1582849770784378,0.16392876207828522,0.15958845615386963,0.15027976036071777,0.14130814373493195,0.13137823343276978,0.12489207834005356,0.11965325474739075,0.1175147145986557,0.11146420240402222,0.10795847326517105
HOBBIES_2_082_CA_3_validation,0.09320152923464775,0.08363998495042324,0.09115498512983322,0.1464902050793171,0.2005378156900406,0.28032274916768074,0.3494471311569214,0.4036569595336914,0.39884980767965317,0.41306648403406143,0.38037680089473724,0.3608926013112068,0.3287370875477791,0.25029512122273445,0.21649004891514778,0.20623480901122093,0.1994059979915619,0.1972845382988453,0.19831126555800438,0.19414085894823074,0.18852658569812775,0.1855047047138214,0.18188472837209702,0.1807502657175064,0.16909506171941757,0.16142908483743668,0.15527126379311085,0.1465878076851368
HOBBIES_2_083_CA_3_validation,0.3946752157062292,0.473512876778841,0.555152541026473,0.6093328557908535,0.49054934084415436,0.5175977032631636,0.5627943109720945,0.6116167735308409,0.6941568776965141,0.676134780049324,0.5929278340190649,0.6617099046707153,0.5876458659768105,0.6915359012782574,0.6913738064467907,0.6967708915472031,0.7071800082921982,0.7168033719062805,0.7191271483898163,0.6921552568674088,0.6687559448182583,0.6627340279519558,0.654615243896842,0.6584781780838966,0.6535034626722336,0.6805717349052429,0.7108554616570473,0.7255078330636024
HOBBIES_2_084_CA_3_validation,0.16306791454553604,0.12747660279273987,0.11017002165317535,0.1001167856156826,0.10199359618127346,0.10850981809198856,0.11725010350346565,0.12231333181262016,0.1404288411140442,0.17927024513483047,0.1676197350025177,0.1340458169579506,0.14288241043686867,0.1139753870666027,0.11332830414175987,0.10505666956305504,0.09196482598781586,0.07887130603194237,0.06797614973038435,0.06554011255502701,0.0636192038655281,0.054711196571588516,0.04385449457913637,0.03341623116284609,0.02982860431075096,0.02197704277932644,0.017617533449083567,0.024031205102801323
HOBBIES_2_085_CA_3_validation,0.4058294966816902,0.49571405351161957,0.4930644705891609,0.3880644664168358,0.3374437317252159,0.3375610262155533,0.2983439862728119,0.2454550452530384,0.3080586977303028,0.43185870349407196,0.586445540189743,0.7168132811784744,0.7384322881698608,0.6744326278567314,0.6216278895735741,0.6048444509506226,0.5910429209470749,0.5905365571379662,0.600931853055954,0.5661087930202484,0.514992855489254,0.48805611580610275,0.4688439667224884,0.46818484365940094,0.4344690926373005,0.4452497810125351,0.45830895006656647,0.4414961487054825
HOBBIES_2_086_CA_3_validation,0.1906907558441162,0.1768871545791626,0.18671393394470215,0.17999887466430664,0.1407158076763153,0.157989501953125,0.14506122469902039,0.21384993195533752,0.24005886912345886,0.26445651054382324,0.24821627140045166,0.22483664751052856,0.16654713451862335,0.2310023158788681,0.1782616376876831,0.16840942203998566,0.15661093592643738,0.14504143595695496,0.1373571753501892,0.1422559916973114,0.14903944730758667,0.14333820343017578,0.13693058490753174,0.13346517086029053,0.14098237454891205,0.13846689462661743,0.13850894570350647,0.15082794427871704
HOBBIES_2_087_CA_3_validation,0.3131955862045288,0.3198173940181732,0.3152841329574585,0.3103381395339966,0.25128597021102905,0.2779167592525482,0.2516409754753113,0.26700559258461,0.3146096169948578,0.37238365411758423,0.40559887886047363,0.4804188907146454,0.48368194699287415,0.36630779504776,0.3369424343109131,0.28874003887176514,0.24344825744628906,0.20819534361362457,0.1835242062807083,0.15835531055927277,0.14346998929977417,0.13056673109531403,0.1236165389418602,0.1285521239042282,0.13022847473621368,0.135931134223938,0.14416874945163727,0.15423549711704254
HOBBIES_2_088_CA_3_validation,0.82933209836483,0.6903491914272308,0.6317868828773499,0.6486456841230392,0.601845271885395,0.565192773938179,0.6782788038253784,0.7587090134620667,0.8943246304988861,0.8988231420516968,0.7539085298776627,0.6842924654483795,0.6019195169210434,0.6516824662685394,0.6759639084339142,0.6822553277015686,0.6892319023609161,0.6908097863197327,0.6881000846624374,0.710424929857254,0.7456870377063751,0.7782033830881119,0.793621838092804,0.7971421629190445,0.814087837934494,0.8277539908885956,0.8352845162153244,0.8506020903587341
HOBBIES_2_089_CA_3_validation,0.7130630873143673,0.6987137906253338,0.7588445506989956,0.8596141301095486,0.7621396072208881,0.7497428357601166,0.7166506014764309,0.8514218963682652,0.947366114705801,0.7736363969743252,0.7958641909062862,0.7764510959386826,0.7405442893505096,0.8320179209113121,0.6053822487592697,0.5457535684108734,0.49909504875540733,0.45250118896365166,0.4138454832136631,0.4354800023138523,0.4797341376543045,0.5013758763670921,0.5387432612478733,0.5833796560764313,0.6918635182082653,0.7499981820583344,0.8034173622727394,0.8723459169268608
HOBBIES_2_090_CA_3_validation,0.32553842663764954,0.4308738708496094,0.3948875367641449,0.30901262164115906,0.33363276720046997,0.26970988512039185,0.26234883069992065,0.19920840859413147,0.18827193975448608,0.41916871070861816,0.5823079347610474,0.6864699125289917,0.7473678588867188,0.5466302633285522,0.596697211265564,0.5841419696807861,0.5789737701416016,0.5838915109634399,0.5966323614120483,0.5852369070053101,0.5713239908218384,0.5793370604515076,0.5942106246948242,0.6189091205596924,0.614253044128418,0.6340502500534058,0.6405210494995117,0.617189884185791
HOBBIES_2_091_CA_3_validation,1.1970373392105103,1.2174313366413116,1.1498697996139526,1.1371455788612366,1.025023877620697,0.9279584884643555,0.9219714403152466,0.9703139662742615,1.0387805700302124,1.1036066114902496,1.1675623655319214,1.1613893508911133,1.0504916310310364,0.947253406047821,0.8998003005981445,0.8537993431091309,0.7959074378013611,0.737629160284996,0.6859352588653564,0.5937327146530151,0.5248366892337799,0.5189271569252014,0.5288608521223068,0.5525373816490173,0.5253834575414658,0.5518798828125,0.5704362094402313,0.5393089056015015
HOBBIES_2_092_CA_3_validation,0.5941355526447296,0.6005052849650383,0.5266644135117531,0.4555467665195465,0.3773268312215805,0.23367894440889359,0.16036228649318218,0.10157011821866035,0.06515201088041067,0.10171657986938953,0.16987145878374577,0.09434951841831207,0.05498299188911915,0.039689790457487106,0.10813750140368938,0.12465419806540012,0.15394235588610172,0.1880846619606018,0.21830198355019093,0.23966805636882782,0.24904324486851692,0.25077272579073906,0.24899401143193245,0.24741945415735245,0.2497204914689064,0.2536664418876171,0.2595665268599987,0.27283892780542374
HOBBIES_2_093_CA_3_validation,0.9516870230436325,1.0399282574653625,1.0185556262731552,0.9918646365404129,0.8830786645412445,0.6815894693136215,0.5069278553128242,0.350702702999115,0.23334221169352531,0.3170185834169388,0.34288952872157097,0.3322830870747566,0.3651866689324379,0.2772204950451851,0.41661954671144485,0.4333898425102234,0.4562252387404442,0.4865978881716728,0.5228126794099808,0.5582471936941147,0.5706843212246895,0.5608232393860817,0.5465231686830521,0.5393096879124641,0.5373736768960953,0.5367562770843506,0.5353866592049599,0.5390883460640907
HOBBIES_2_094_CA_3_validation,0.5433488041162491,0.4921206682920456,0.44748441874980927,0.4092310667037964,0.32488591969013214,0.29634180665016174,0.31285156309604645,0.33776356279850006,0.43817098438739777,0.4392993897199631,0.4499865174293518,0.4336089938879013,0.3709997981786728,0.36072246730327606,0.3537472039461136,0.34115785360336304,0.33208228647708893,0.3247261941432953,0.3195932060480118,0.32479892671108246,0.33100318908691406,0.32977402210235596,0.3288164734840393,0.33041949570178986,0.3437945544719696,0.3562951683998108,0.36969083547592163,0.38790830969810486
HOBBIES_2_095_CA_3_validation,0.06516805291175842,0.014301583170890808,0.010797999799251556,-0.02106434851884842,-0.019732914865016937,0.031220246106386185,0.08426857739686966,0.22267618775367737,0.2942037284374237,0.3367277681827545,0.2969406545162201,0.29575929045677185,0.3130740523338318,0.37297573685646057,0.292089581489563,0.3167266249656677,0.3379800617694855,0.35418251156806946,0.362972229719162,0.34162333607673645,0.3215672969818115,0.32416707277297974,0.3244740664958954,0.3259705603122711,0.29860082268714905,0.2937842309474945,0.2839924991130829,0.2508832514286041
HOBBIES_2_096_CA_3_validation,0.6915618479251862,0.6883469671010971,0.7125495821237564,0.7175935581326485,0.6275197863578796,0.5207130610942841,0.42104320228099823,0.35169947147369385,0.34350987523794174,0.3584470599889755,0.3921065628528595,0.4103683866560459,0.4856930673122406,0.45675215125083923,0.4641469717025757,0.44967740029096603,0.4452037811279297,0.44676584750413895,0.44937214255332947,0.4596383050084114,0.4659218266606331,0.4640042260289192,0.4617164880037308,0.46446093916893005,0.4829951375722885,0.494737833738327,0.5030060261487961,0.5159070640802383
HOBBIES_2_097_CA_3_validation,0.1525510847568512,0.12923410534858704,0.12489309906959534,0.119996577501297,0.11333169043064117,0.09759324789047241,0.06988193094730377,0.06229189783334732,0.043989263474941254,0.05341626703739166,0.08051925152540207,0.07853014767169952,0.10804834961891174,0.11926355957984924,0.10176967084407806,0.10594667494297028,0.11169937252998352,0.1174379289150238,0.1234092265367508,0.1332813799381256,0.14447197318077087,0.15452271699905396,0.16269421577453613,0.16821244359016418,0.1710115522146225,0.17296536266803741,0.17450670897960663,0.1750698685646057
HOBBIES_2_098_CA_3_validation,0.3768257908523083,0.5940376073122025,0.5628186278045177,0.31945413537323475,0.20448575168848038,0.15953399427235126,0.0876122284680605,0.032687848433852196,0.06579693034291267,0.2676784973591566,0.14776088669896126,0.06086763180792332,-0.10145629569888115,-0.20845991373062134,-0.054293885827064514,-0.0032796934247016907,0.0769129078835249,0.1778162196278572,0.2719079274684191,0.2754032015800476,0.24086399376392365,0.23611322790384293,0.23277350701391697,0.23748017847537994,0.20343412086367607,0.21621817909181118,0.22621119022369385,0.19598270021378994
HOBBIES_2_099_CA_3_validation,0.4322194755077362,0.3676806390285492,0.28916922211647034,0.22747944295406342,0.1428575962781906,0.10238951444625854,0.14253942668437958,0.17110316455364227,0.1990291029214859,0.22752121090888977,0.24131141602993011,0.24080583453178406,0.21597185730934143,0.19877105951309204,0.20330087840557098,0.2149105966091156,0.2293604612350464,0.24523760378360748,0.2585170567035675,0.2545149326324463,0.24607694149017334,0.24648770689964294,0.24246913194656372,0.2384616881608963,0.21816886961460114,0.2157714068889618,0.21308986842632294,0.20106768608093262
HOBBIES_2_100_CA_3_validation,0.4951176345348358,0.5091970413923264,0.5161353349685669,0.3871450424194336,0.29280149191617966,0.34395258128643036,0.2887846827507019,0.5120904296636581,0.5898599624633789,0.6457592099905014,0.5715533494949341,0.5003819167613983,0.448034405708313,0.5274334698915482,0.4158005565404892,0.4500042647123337,0.483206570148468,0.5098133683204651,0.5296711474657059,0.550449550151825,0.5643014162778854,0.5682679563760757,0.5699279308319092,0.5685160160064697,0.5905963182449341,0.5961347222328186,0.6044024527072906,0.6207756400108337
HOBBIES_2_101_CA_3_validation,0.3622583895921707,0.36378394067287445,0.3288192003965378,0.3620583862066269,0.3890005499124527,0.3973747193813324,0.43312105536460876,0.41223496198654175,0.4208347946405411,0.4179922789335251,0.43886107206344604,0.43986882269382477,0.408544197678566,0.4521457850933075,0.48494866490364075,0.5100231617689133,0.5332180112600327,0.5554182529449463,0.5756335705518723,0.5834304392337799,0.5862220376729965,0.5888344198465347,0.5860225260257721,0.5821343511343002,0.5645893067121506,0.5632462352514267,0.5630079209804535,0.5588576942682266
HOBBIES_2_102_CA_3_validation,0.31103484332561493,0.22349096834659576,0.1872279867529869,0.15390328131616116,0.10547447949647903,0.08806157857179642,0.13018346391618252,0.20939435809850693,0.2410910278558731,0.23007707670331,0.19255772233009338,0.1997472159564495,0.20933158695697784,0.2527981251478195,0.17903640866279602,0.18459096550941467,0.18111122772097588,0.17255131155252457,0.1621321216225624,0.14307163655757904,0.1350194774568081,0.15211203135550022,0.1702265813946724,0.18328338861465454,0.1760818064212799,0.1801282912492752,0.17402613535523415,0.15079050324857235
HOBBIES_2_103_CA_3_validation,0.1461021602153778,0.04828420281410217,-0.06963226199150085,-0.09731712937355042,-0.0591757595539093,-0.05860432982444763,0.050706833600997925,0.19429868459701538,0.20282423496246338,0.33585596084594727,0.27384814620018005,0.12115839123725891,-0.019896119832992554,0.09119093418121338,0.13088783621788025,0.11946174502372742,0.11314210295677185,0.10255646705627441,0.08543354272842407,0.04310345649719238,0.004031866788864136,0.007739514112472534,0.020173639059066772,0.03694838285446167,0.03675159811973572,0.06695801019668579,0.09694528579711914,0.09277650713920593
HOBBIES_2_104_CA_3_validation,0.30324192345142365,0.2529922127723694,0.16699309274554253,0.110624760389328,0.07866451889276505,0.05536715313792229,0.07155971601605415,0.06689471192657948,0.008037641644477844,0.04841639846563339,0.0074732378125190735,0.05786283127963543,0.012444533407688141,-0.05123785883188248,0.03738700971007347,0.07506170868873596,0.12270908430218697,0.16686051338911057,0.20011485368013382,0.1914500668644905,0.1670261062681675,0.16291149705648422,0.16176040470600128,0.1655823066830635,0.1491859294474125,0.16043515875935555,0.1693614050745964,0.14841794595122337
HOBBIES_2_105_CA_3_validation,0.0034615397453308105,-0.08077127858996391,-0.12629207223653793,-0.23992490023374557,-0.26747286319732666,-0.27919474989175797,-0.2714875712990761,-0.23554377257823944,-0.2160666137933731,-0.11641588062047958,-0.06299355998635292,-0.05337672308087349,0.024120770394802094,0.1015567034482956,0.10086548514664173,0.13313181698322296,0.15341544523835182,0.1593184843659401,0.15657681971788406,0.15302821062505245,0.14452151954174042,0.13643285259604454,0.13096215203404427,0.1217245776206255,0.12738400138914585,0.12599525973200798,0.12546594254672527,0.12451052665710449
HOBBIES_2_106_CA_3_validation,0.4818809777498245,0.404848650097847,0.3047577068209648,0.26474471390247345,0.1943453773856163,0.1601370871067047,0.18504559993743896,0.22953978180885315,0.2359619066119194,0.2605758011341095,0.29209113121032715,0.3371705263853073,0.3388617932796478,0.25496502220630646,0.2798440754413605,0.2855934575200081,0.2934795096516609,0.30085451155900955,0.30642925947904587,0.3011190667748451,0.2879333943128586,0.2777688726782799,0.27004893869161606,0.2710908204317093,0.25961362570524216,0.2602657601237297,0.26071469485759735,0.2484123408794403
HOBBIES_2_107_CA_3_validation,0.661713570356369,0.6096109449863434,0.5025252960622311,0.4784676134586334,0.5567054338753223,0.567746352404356,0.5020717903971672,0.4022456742823124,0.3159063011407852,0.417944747954607,0.4317701756954193,0.5762923136353493,0.7947030514478683,0.5750636644661427,0.6658344194293022,0.7543237134814262,0.83175840228796,0.896568201482296,0.9496793001890182,0.9550774395465851,0.9572269096970558,0.9928780198097229,1.035316839814186,1.0798955410718918,1.067450299859047,1.0842451304197311,1.0799160301685333,1.0326363742351532
HOBBIES_2_108_CA_3_validation,0.1430557295680046,0.15120071545243263,0.11758293583989143,0.10369303822517395,0.09859354421496391,0.1664973869919777,0.21105732768774033,0.29103557020425797,0.2875445634126663,0.3422795757651329,0.29743288457393646,0.29760003089904785,0.23553306609392166,0.19221241772174835,0.19225790351629257,0.20286237448453903,0.21774063259363174,0.2347130924463272,0.24897853285074234,0.23134314268827438,0.20440835505723953,0.19458970427513123,0.18951565772294998,0.1948624849319458,0.17998731136322021,0.19212879985570908,0.20426490157842636,0.190892793238163
HOBBIES_2_109_CA_3_validation,0.6771459951996803,0.7523358836770058,0.6970533579587936,0.6669121161103249,0.6677915379405022,0.6715702563524246,0.6149858608841896,0.6974351778626442,0.6521293595433235,0.7007900923490524,0.7533121556043625,0.8334538117051125,0.8479583263397217,0.7785855978727341,0.7528949752449989,0.7756654918193817,0.7904060035943985,0.8068298399448395,0.8280849680304527,0.8105868101119995,0.7940467745065689,0.822766087949276,0.8581816703081131,0.8987359404563904,0.8750525712966919,0.8928565084934235,0.8992699980735779,0.850674144923687
HOBBIES_2_110_CA_3_validation,-0.09325305372476578,-0.1681598648428917,-0.16382098942995071,-0.12491639703512192,-0.054075948894023895,0.00143485888838768,0.03197793290019035,0.05042999982833862,0.05685301870107651,0.06240181624889374,-0.004704572260379791,-0.03622385859489441,-0.010614853352308273,-0.06013458967208862,-0.0716148242354393,-0.07882654666900635,-0.0853511318564415,-0.0922650396823883,-0.09929598122835159,-0.10793832689523697,-0.11742702126502991,-0.12311500310897827,-0.12373412400484085,-0.1200932040810585,-0.11943056434392929,-0.1167260929942131,-0.11311697959899902,-0.11726986616849899
HOBBIES_2_111_CA_3_validation,0.024706710129976273,0.009479261934757233,-0.005208469927310944,-0.011840913444757462,0.0038785338401794434,0.032302841544151306,0.05351494997739792,0.08223854005336761,0.10028095543384552,0.10287503898143768,0.09198161959648132,0.112129807472229,0.09598685801029205,0.07007372379302979,0.040102407336235046,0.03380619361996651,0.030947431921958923,0.02980647049844265,0.030442938208580017,0.03545442596077919,0.04240879416465759,0.0462246835231781,0.04980543628334999,0.052342113107442856,0.05463361367583275,0.05088197439908981,0.045582033693790436,0.04226793721318245
HOBBIES_2_112_CA_3_validation,-0.06722001358866692,-0.14606504887342453,-0.16317219473421574,-0.18551735766232014,-0.21704870462417603,-0.1826690249145031,-0.1957114413380623,-0.15530393086373806,-0.1197727844119072,-0.14549000188708305,-0.18598104640841484,-0.1974131017923355,-0.1887034121900797,-0.12383507564663887,-0.137918870896101,-0.11160306446254253,-0.09404378570616245,-0.085312869399786,-0.08413585275411606,-0.08999923802912235,-0.09375095553696156,-0.09287967719137669,-0.09077608212828636,-0.0896525215357542,-0.08864980563521385,-0.08732588216662407,-0.08722466602921486,-0.0874747559428215
HOBBIES_2_113_CA_3_validation,0.2970638871192932,0.26938945055007935,0.197021946310997,0.11646629124879837,0.10972826927900314,0.0473393052816391,-0.004561528563499451,-0.05997537076473236,-0.04587532579898834,0.002668812870979309,-0.023323923349380493,-0.12609341740608215,-0.19244930148124695,-0.22053956985473633,-0.1714819073677063,-0.16604351997375488,-0.15765607357025146,-0.14454159140586853,-0.12840873003005981,-0.1102091372013092,-0.10242617130279541,-0.11615192890167236,-0.1268567442893982,-0.13607138395309448,-0.1379181444644928,-0.155509352684021,-0.16915184259414673,-0.16040602326393127
HOBBIES_2_114_CA_3_validation,0.19573897123336792,0.24742209911346436,0.33822181820869446,0.3816409409046173,0.3592962920665741,0.33781200647354126,0.32988491654396057,0.27737703919410706,0.3274514079093933,0.34203386306762695,0.31228768825531006,0.2679252326488495,0.21779662370681763,0.21127647161483765,0.23028075695037842,0.230178564786911,0.23500078916549683,0.24230128526687622,0.24859198927879333,0.25570279359817505,0.25804683566093445,0.2488282024860382,0.24179226160049438,0.23849469423294067,0.24801385402679443,0.25725290179252625,0.2675422132015228,0.2829541862010956
HOBBIES_2_115_CA_3_validation,0.639784500002861,0.5183744095265865,0.3732442706823349,0.23049653694033623,0.18686236068606377,0.2354726381599903,0.38004692271351814,0.4830287955701351,0.6339758411049843,0.7675116956233978,0.6681632101535797,0.740215927362442,0.6791950017213821,0.5504962429404259,0.3949570208787918,0.37708884850144386,0.3544481210410595,0.3287818282842636,0.302520252764225,0.25728097558021545,0.19572002068161964,0.14089161157608032,0.10067728534340858,0.07644620910286903,0.07490118965506554,0.07648107782006264,0.06080919876694679,0.04175005853176117
HOBBIES_2_116_CA_3_validation,0.17110928893089294,0.15817126631736755,0.12328185141086578,0.08609730005264282,0.15025542676448822,0.24784430861473083,0.2668984830379486,0.33301079273223877,0.33574914932250977,0.4131050705909729,0.45284515619277954,0.5532788038253784,0.58094722032547,0.47943705320358276,0.39746636152267456,0.3745795786380768,0.3651362359523773,0.36616697907447815,0.3785567283630371,0.3821655809879303,0.39290672540664673,0.4174048900604248,0.4446064829826355,0.4660581052303314,0.4697147011756897,0.47674477100372314,0.48121699690818787,0.46715280413627625
HOBBIES_2_117_CA_3_validation,0.9626439809799194,1.0874174982309341,1.1868100240826607,1.3004911541938782,1.3932305425405502,1.4919602870941162,1.4945189654827118,1.43784399330616,1.3424487262964249,1.4945558458566666,1.338436633348465,1.2171461805701256,1.086760699748993,0.8813525065779686,1.0975932031869888,1.2023083046078682,1.330737978219986,1.4520529359579086,1.5547003597021103,1.5838292986154556,1.5725793093442917,1.5736798197031021,1.5707888901233673,1.5762496441602707,1.5430440306663513,1.5618823617696762,1.5731872618198395,1.539458766579628
HOBBIES_2_118_CA_3_validation,0.4425911605358124,0.519704781472683,0.4193495959043503,0.33305976539850235,0.31840573996305466,0.38027800619602203,0.3584136813879013,0.3259672597050667,0.1488726120442152,0.25381505489349365,0.2819452993571758,0.4153459891676903,0.3190982714295387,0.22169779986143112,0.19893256947398186,0.20073726773262024,0.22335883229970932,0.268741212785244,0.3303360939025879,0.3272392600774765,0.30412307009100914,0.32297156751155853,0.3403310850262642,0.3653164580464363,0.31229114159941673,0.3233211487531662,0.32665297389030457,0.27160217985510826
HOBBIES_2_119_CA_3_validation,0.13765273988246918,0.1297270655632019,0.12277436256408691,0.09646207839250565,0.08372361212968826,0.10631729662418365,0.1439598649740219,0.17696493864059448,0.2095498889684677,0.2190980166196823,0.18163344264030457,0.16429537534713745,0.09294912964105606,0.07983990013599396,0.06804975867271423,0.07317502051591873,0.08438469469547272,0.0980629175901413,0.11048038303852081,0.1098252534866333,0.10679040849208832,0.11237093806266785,0.11664628982543945,0.12149171531200409,0.11520437896251678,0.11989876627922058,0.12120614945888519,0.11089973151683807
HOBBIES_2_120_CA_3_validation,0.5496810376644135,0.4454267770051956,0.41682712733745575,0.39102882146835327,0.31287409365177155,0.26947904378175735,0.267258882522583,0.3937464952468872,0.3598693013191223,0.2710147947072983,0.1952682062983513,0.17531003803014755,0.16069073230028152,0.09476210922002792,-0.07134862244129181,-0.05107559263706207,-0.02328377217054367,-0.0016330555081367493,0.008242316544055939,-0.041788071393966675,-0.0835350900888443,-0.03828480839729309,0.04023827612400055,0.12770861387252808,0.15153717249631882,0.2218102663755417,0.2567221596837044,0.18371667712926865
HOBBIES_2_121_CA_3_validation,0.5524277687072754,0.3704923987388611,0.2347901165485382,0.1924724131822586,0.2607938051223755,0.3940793573856354,0.5202876329421997,0.6588320732116699,0.7816040515899658,0.850369930267334,0.7188631296157837,0.711545467376709,0.6904693841934204,0.4195353388786316,0.5013370513916016,0.5046973824501038,0.509484589099884,0.5027391910552979,0.4882916510105133,0.4622528553009033,0.4648836851119995,0.4955536127090454,0.5303400754928589,0.5568720102310181,0.5671404004096985,0.5885496735572815,0.6032978296279907,0.6003919839859009
HOBBIES_2_122_CA_3_validation,0.14330303482711315,0.033349815756082535,-0.008531000465154648,-0.12116963043808937,-0.249294463545084,-0.30516715720295906,-0.3335172012448311,-0.13917191326618195,0.02885594218969345,0.0819139089435339,0.06257806532084942,-0.0603609848767519,-0.1419045813381672,-0.04376407898962498,-0.12282683327794075,-0.10593890771269798,-0.07982069626450539,-0.044956035912036896,-0.01503862626850605,-0.013181498274207115,-0.023177940398454666,-0.02731798030436039,-0.03565306216478348,-0.03667057491838932,-0.046363525092601776,-0.05197852849960327,-0.06127110868692398,-0.07589296996593475
HOBBIES_2_123_CA_3_validation,0.7948389425873756,0.6826173216104507,0.5974680930376053,0.5046686977148056,0.42867130786180496,0.36474883556365967,0.30835553258657455,0.30500035732984543,0.26971281319856644,0.37488122284412384,0.47392361611127853,0.4723212346434593,0.4998820498585701,0.3809144049882889,0.4689786285161972,0.4886153116822243,0.5211124569177628,0.5583362206816673,0.5947531089186668,0.6253153905272484,0.6505085676908493,0.672212116420269,0.6864279583096504,0.700830303132534,0.7033763602375984,0.7123274579644203,0.7213674783706665,0.7286807298660278
HOBBIES_2_124_CA_3_validation,0.826024990528822,0.6334835104644299,0.42315077036619186,0.27301386930048466,0.2437029965221882,0.19209589809179306,0.17655735835433006,0.3276796918362379,0.186925632879138,0.4601815715432167,0.6958857737481594,0.633302852511406,0.6044281460344791,0.46353287994861603,0.18969607539474964,0.09061748161911964,0.014724545180797577,-0.024951137602329254,-0.02071436494588852,0.009864885360002518,0.04923742264509201,0.10106842964887619,0.15628312714397907,0.20854909904301167,0.23869670927524567,0.26659514755010605,0.2847325522452593,0.288975415751338
HOBBIES_2_125_CA_3_validation,-0.08656624145805836,-0.17346312664449215,-0.18891285546123981,-0.1963356826454401,-0.17081416957080364,-0.12327954731881618,-0.07145273685455322,-0.09033392928540707,-0.15643461607396603,-0.1127647403627634,-0.14537419937551022,-0.16750736720860004,-0.17777316458523273,-0.28768473863601685,-0.2618964836001396,-0.26920097321271896,-0.2667783126235008,-0.25954052805900574,-0.2486378774046898,-0.2369552105665207,-0.2351536527276039,-0.24147342145442963,-0.25263694673776627,-0.26266513019800186,-0.27234575897455215,-0.283268541097641,-0.29359812289476395,-0.3002457842230797
HOBBIES_2_126_CA_3_validation,0.5867191404104233,0.5523877590894699,0.2816377766430378,0.2688201703131199,0.6075074523687363,1.1102055758237839,1.505272388458252,1.6582176089286804,1.6486454010009766,2.064776122570038,1.8711748719215393,1.9618448615074158,1.7538455128669739,1.3292133808135986,1.3525739312171936,1.391315758228302,1.4268462359905243,1.453230082988739,1.459929347038269,1.3834407925605774,1.2794367969036102,1.2049102038145065,1.1627687513828278,1.1781775951385498,1.1532439291477203,1.1949724704027176,1.2186725437641144,1.1807169765233994
HOBBIES_2_127_CA_3_validation,-0.029973719269037247,-0.04864443093538284,-0.030758466571569443,-0.013274062424898148,0.015143612399697304,0.025605300441384315,0.021164042875170708,-0.021208276972174644,-0.015936266630887985,-0.03181144595146179,-0.07962847128510475,-0.09654097259044647,-0.09695877134799957,-0.05808563902974129,-0.06404511630535126,-0.06250165030360222,-0.0657801479101181,-0.07251350954174995,-0.08071516826748848,-0.08813326433300972,-0.09638799726963043,-0.109493438154459,-0.12136756628751755,-0.131157036870718,-0.1393476538360119,-0.14904918149113655,-0.1580464504659176,-0.15982596203684807
HOBBIES_2_128_CA_3_validation,0.6945146322250366,0.597837507724762,0.42178863286972046,0.323973149061203,0.2885730266571045,0.14113332331180573,0.2135833203792572,0.295019268989563,0.3792559802532196,0.4443954825401306,0.48086777329444885,0.28322064876556396,0.14179396629333496,0.18638305366039276,0.24644902348518372,0.24801324307918549,0.2591661810874939,0.2780419588088989,0.29917117953300476,0.29343491792678833,0.2808466851711273,0.2998233735561371,0.3164232075214386,0.3271220028400421,0.30539530515670776,0.31711483001708984,0.3231641352176666,0.2964208424091339
HOBBIES_2_129_CA_3_validation,-0.1466739922761917,-0.6784562952816486,-0.8709591813385487,-0.9798045270144939,-1.0235152207314968,-1.1229428462684155,-1.109572034329176,-0.748704094439745,-0.3052874468266964,-0.2068738453090191,-0.0027436763048171997,-0.03917710855603218,0.03795977681875229,0.4582253284752369,0.1490308903157711,0.0729820691049099,-0.005556643009185791,-0.11328794062137604,-0.2306516282260418,-0.20870491862297058,-0.1124190166592598,-0.0768628902733326,-0.03314530476927757,-0.000949762761592865,0.14863265678286552,0.17056027427315712,0.18802853301167488,0.29808497056365013
HOBBIES_2_130_CA_3_validation,0.19379151985049248,0.28664134442806244,0.3557092323899269,0.30151691287755966,0.33942539244890213,0.3772076219320297,0.21407190710306168,0.11375559493899345,0.07455719634890556,-0.007788538932800293,-0.010501556098461151,0.0241093710064888,0.06314149126410484,0.05756136029958725,-0.029249750077724457,-0.03865208476781845,-0.05665726959705353,-0.06909038871526718,-0.07225420325994492,-0.09056590497493744,-0.10380174964666367,-0.0892801582813263,-0.06576959043741226,-0.04907410591840744,-0.060117319226264954,-0.06384357810020447,-0.07726415991783142,-0.11098962277173996
HOBBIES_2_131_CA_3_validation,-0.5203863680362701,-0.4941767603158951,-0.4455632269382477,-0.5602821409702301,-0.5852746814489365,-0.49590493738651276,-0.49780188500881195,-0.4938598722219467,-0.29906006157398224,-0.32427071034908295,-0.32620103657245636,-0.24313786625862122,-0.21782536059617996,-0.2692534923553467,-0.38583628833293915,-0.3809582144021988,-0.3705703243613243,-0.3609917610883713,-0.35504327714443207,-0.38689950108528137,-0.439359188079834,-0.4640330672264099,-0.475729763507843,-0.4839942008256912,-0.4885227382183075,-0.4776206612586975,-0.4964379519224167,-0.5733159631490707
HOBBIES_2_132_CA_3_validation,-0.5666808784008026,-0.5662693828344345,-0.4472459852695465,-0.29747234657406807,-0.0013277120888233185,0.1287727802991867,0.1768648996949196,0.26170238852500916,0.2640751004219055,0.3021029755473137,0.22228583693504333,0.17466651275753975,0.14652124606072903,0.1904073730111122,0.21937038749456406,0.2185080572962761,0.2073964849114418,0.17958832904696465,0.1421827543526888,0.11618855409324169,0.10444269515573978,0.10330144315958023,0.10641433298587799,0.1047695055603981,0.12207857333123684,0.12477464973926544,0.12181507423520088,0.11476432904601097
HOBBIES_2_133_CA_3_validation,0.4195108897984028,0.19311941973865032,-0.01565195620059967,-0.11853966861963272,-0.1287245750427246,-0.05258357897400856,0.23677559196949005,0.3917689695954323,0.4870225787162781,0.6815804988145828,0.7328879982233047,0.9123890399932861,0.9256607890129089,0.745103731751442,0.716431200504303,0.715676374733448,0.733731172978878,0.7608160823583603,0.7867539674043655,0.7257893085479736,0.6784772276878357,0.7214766889810562,0.7508205473423004,0.7735677510499954,0.6855196952819824,0.6959424242377281,0.6902437061071396,0.6026600301265717
HOBBIES_2_134_CA_3_validation,-0.16295793280005455,-0.15404025837779045,-0.19514957070350647,-0.18069205060601234,-0.05449199303984642,0.06433680653572083,0.1692858673632145,0.23593935370445251,0.2076796218752861,0.3573785573244095,0.42831243574619293,0.4934573471546173,0.47388017177581787,0.38706931471824646,0.47594207525253296,0.46920450031757355,0.456766739487648,0.4370224177837372,0.4153118133544922,0.3732989877462387,0.33328793942928314,0.31605514883995056,0.30799609422683716,0.305147722363472,0.2959562838077545,0.30589132010936737,0.32371897995471954,0.3236173689365387
HOBBIES_2_135_CA_3_validation,0.5829837173223495,0.6079203635454178,0.5938834324479103,0.6140284985303879,0.6280303001403809,0.6169534102082253,0.614587627351284,0.6048984453082085,0.5981653183698654,0.5949602276086807,0.5868242681026459,0.5500991642475128,0.5560727789998055,0.583653599023819,0.6334242224693298,0.6731119006872177,0.7071048021316528,0.7371664047241211,0.7613666355609894,0.7470685243606567,0.73402538895607,0.7586470246315002,0.7790762186050415,0.7968874275684357,0.7699982821941376,0.7896150648593903,0.811648815870285,0.8006995916366577
HOBBIES_2_136_CA_3_validation,0.6101430207490921,0.6745235621929169,0.6853841245174408,0.7234762609004974,0.7520493119955063,0.7539264857769012,0.7625693827867508,0.6766948103904724,0.6264562904834747,0.6317766755819321,0.4870591312646866,0.497252494096756,0.40828801691532135,0.4784160852432251,0.5574263632297516,0.5855512246489525,0.6227962672710419,0.659789964556694,0.6883928179740906,0.6855739653110504,0.6719717383384705,0.6804133951663971,0.6831516325473785,0.6975777447223663,0.6897124648094177,0.7175399363040924,0.7437297701835632,0.7436056435108185
HOBBIES_2_137_CA_3_validation,0.38412995636463165,0.38001473993062973,0.3591199591755867,0.40634386241436005,0.37028055638074875,0.3631111979484558,0.38143299520015717,0.4150095582008362,0.3784959763288498,0.4052498936653137,0.4327771067619324,0.48817794770002365,0.43950676918029785,0.40650874376296997,0.366269014775753,0.34919921308755875,0.33502180129289627,0.32837938517332077,0.3322431817650795,0.3283761441707611,0.31979721039533615,0.3150242194533348,0.308527909219265,0.30922912061214447,0.2866649255156517,0.28098974376916885,0.27810394763946533,0.2697032690048218
HOBBIES_2_138_CA_3_validation,0.28476470708847046,0.26438072323799133,0.23117229342460632,0.19726505875587463,0.1361023336648941,0.13710585236549377,0.15169647336006165,0.213618665933609,0.24385252594947815,0.2565358877182007,0.24897363781929016,0.25337302684783936,0.22631949186325073,0.22056972980499268,0.1872355043888092,0.19438940286636353,0.20132514834403992,0.2078905999660492,0.21179136633872986,0.2005327343940735,0.18878072500228882,0.18859872221946716,0.18900811672210693,0.19467803835868835,0.18801194429397583,0.1935989260673523,0.19545713067054749,0.183779776096344
HOBBIES_2_139_CA_3_validation,0.0059588877484202385,-0.030883952043950558,-0.07850633841007948,-0.13501216750591993,-0.0914539648219943,-0.011057817377150059,0.09453174099326134,0.1866785790771246,0.167767982929945,0.32251545041799545,0.366900309920311,0.39134569466114044,0.3637748323380947,0.3232864513993263,0.34446581080555916,0.3520815744996071,0.35838707908988,0.36303675547242165,0.3672819547355175,0.3419352136552334,0.31067219004034996,0.3019837439060211,0.2930484339594841,0.2901768945157528,0.2625430338084698,0.267095111310482,0.2736714854836464,0.2567188683897257
HOBBIES_2_140_CA_3_validation,1.0217489153146744,0.820045679807663,0.6153499484062195,0.5395019799470901,0.33324165269732475,0.18272225931286812,0.30080002546310425,0.4247009754180908,0.5214472860097885,0.6505137830972672,0.6516534015536308,0.590393029153347,0.5637300461530685,0.32744451984763145,0.5023451820015907,0.49070747196674347,0.5015921294689178,0.5260434150695801,0.5442962944507599,0.5266577899456024,0.5191460400819778,0.5467016398906708,0.5620682090520859,0.5746723860502243,0.5452741831541061,0.5535631850361824,0.56209746748209,0.5474308580160141
HOBBIES_2_141_CA_3_validation,0.19988632202148438,0.20831190049648285,0.1478898674249649,0.20146584510803223,0.3155432939529419,0.39586323499679565,0.5045095086097717,0.45509544014930725,0.3629683554172516,0.49629420042037964,0.43719613552093506,0.3825269937515259,0.3450317978858948,0.09863370656967163,0.25520387291908264,0.2857115566730499,0.31581273674964905,0.34563469886779785,0.3730968236923218,0.3740444779396057,0.353694349527359,0.3261272609233856,0.2964214086532593,0.27560532093048096,0.24064205586910248,0.22527408599853516,0.21446964144706726,0.20152094960212708
HOBBIES_2_142_CA_3_validation,2.530757911503315,2.1542935222387314,1.680954072624445,1.6149373650550842,1.3920215219259262,1.2871749699115753,0.5804128292948008,0.6788448132574558,0.6697641462087631,0.2552473433315754,0.04460253566503525,0.20808661729097366,0.8003131113946438,0.32873930037021637,0.02944416180253029,0.020299039781093597,-0.014222860336303711,-0.06608635559678078,-0.13700469583272934,-0.28129830211400986,-0.3552919998764992,-0.2990608401596546,-0.20001890137791634,-0.11850275844335556,-0.10960018262267113,-0.06215536594390869,-0.02933434396982193,-0.07733619213104248
HOBBIES_2_143_CA_3_validation,0.4108377546072006,0.34604693204164505,0.26142978109419346,0.21948985755443573,0.08311653696000576,0.033365015871822834,0.04295824747532606,0.07414511870592833,0.08892759028822184,0.05670883506536484,0.10126621276140213,0.19862487725913525,0.1848015859723091,0.07440400077030063,0.11302287876605988,0.1375195812433958,0.1675424911081791,0.1887606019154191,0.19587171357125044,0.16603634413331747,0.1287653176113963,0.1173730418086052,0.10510990768671036,0.09848177619278431,0.06288488395512104,0.06035596365109086,0.050844546407461166,0.008287131786346436
HOBBIES_2_144_CA_3_validation,-0.27822381258010864,-0.28120261430740356,-0.3524549603462219,-0.3873900771141052,-0.23651222884655,-0.09881366789340973,0.0403359979391098,0.14201053977012634,0.07541795074939728,0.2084728181362152,0.2557604908943176,0.3229272961616516,0.22709320485591888,0.11359263211488724,0.2516133189201355,0.2957730293273926,0.34435608983039856,0.383916974067688,0.4120544195175171,0.4012105464935303,0.38641536235809326,0.40410202741622925,0.4280132055282593,0.45060276985168457,0.44667166471481323,0.4634627103805542,0.4709833264350891,0.4421783685684204
HOBBIES_2_145_CA_3_validation,0.1591021567583084,0.28261391445994377,0.42269617319107056,0.6197313219308853,0.7999013364315033,0.7975095510482788,0.8241979032754898,0.6437578052282333,0.49782320857048035,0.4217354580760002,0.29341980814933777,0.3501778841018677,0.4074588045477867,0.38350917398929596,0.6399368494749069,0.6945043057203293,0.7453080266714096,0.7886488735675812,0.8187437057495117,0.7994634658098221,0.788901299238205,0.8330057561397552,0.8645173907279968,0.8834156394004822,0.8443567156791687,0.8599549531936646,0.8717747032642365,0.8383150398731232
HOBBIES_2_146_CA_3_validation,0.533982552587986,0.46707604080438614,0.32672397792339325,0.14733050018548965,-0.040122345089912415,-0.18147576600313187,-0.1817570999264717,0.04463218152523041,0.08679274469614029,0.26474906131625175,0.3166356310248375,0.3392186388373375,0.1678723283112049,0.13270538300275803,0.02249009907245636,-0.05745965987443924,-0.09812101721763611,-0.107981376349926,-0.09700391441583633,-0.08942943066358566,-0.07985912263393402,-0.052596405148506165,-0.03289956599473953,-0.017103031277656555,-0.02422686666250229,-0.02114873379468918,-0.022734366357326508,-0.04579510539770126
HOBBIES_2_147_CA_3_validation,0.49415241926908493,0.5189928039908409,0.5190178379416466,0.5039624869823456,0.43902359902858734,0.47527533024549484,0.5059634149074554,0.5740930512547493,0.5696657299995422,0.6353963911533356,0.6244870275259018,0.6849738210439682,0.6046362966299057,0.4857965186238289,0.4532302916049957,0.43301794677972794,0.4234268516302109,0.42747996747493744,0.4412496089935303,0.40336791425943375,0.3666893020272255,0.3706471621990204,0.3812866657972336,0.40394872426986694,0.3713485971093178,0.3863201290369034,0.3982452303171158,0.36290954798460007
HOBBIES_2_148_CA_3_validation,0.1664258986711502,0.13920912146568298,0.11457106471061707,-0.04036736488342285,-0.21444255113601685,-0.3120664656162262,-0.394072026014328,-0.32744476199150085,-0.20567134022712708,-0.12711229920387268,-0.16758373379707336,-0.22765189409255981,-0.2568441927433014,-0.2730114758014679,-0.26116958260536194,-0.23734059929847717,-0.20101243257522583,-0.15545877814292908,-0.11215478181838989,-0.09073945879936218,-0.08194750547409058,-0.06894576549530029,-0.06199383735656738,-0.059343963861465454,-0.06339594721794128,-0.06115227937698364,-0.060880810022354126,-0.07342663407325745
HOBBIES_2_149_CA_3_validation,0.31955538876354694,0.34004694409668446,0.2586069442331791,0.10065245162695646,0.0852567907422781,0.14343217946588993,0.18671181052923203,0.30434975400567055,0.4523863047361374,0.5443008840084076,0.5841041505336761,0.6233288869261742,0.6608941704034805,0.7038552165031433,0.7966909036040306,0.8864105269312859,0.951524630188942,0.9846191927790642,0.9859850779175758,0.9208728596568108,0.8588423654437065,0.841879278421402,0.8346936702728271,0.8232871443033218,0.7865329831838608,0.7902592122554779,0.795538105070591,0.763991616666317
